"","chr","position","gene","mutation_type","color","start","end"
"1","chr1",1.2e+07,"TP53","Missense","#E41A1C",1.2e+07,1.2e+07
"2","chr1",1.5e+07,"BRCA1","Nonsense","#377EB8",1.5e+07,1.5e+07
"3","chr2",3.4e+07,"EGFR","Synonymous","#4DAF4A",3.4e+07,3.4e+07
"4","chr3",5.6e+07,"KRAS","Frameshift","#FF7F00",5.6e+07,5.6e+07
"5","chr3",7.8e+07,"PIK3CA","Nonsense","#377EB8",7.8e+07,7.8e+07
"6","chrX",1e+07,"MTOR","Missense","#E41A1C",1e+07,1e+07
"7","chr5",3.5e+07,"APC","Frameshift","#FF7F00",3.5e+07,3.5e+07
"8","chr7",55249000,"BRAF","Missense","#E41A1C",55249000,55249000
"9","chr9",133750000,"CDKN2A","Nonsense","#377EB8",133750000,133750000
"10","chr12",25398284,"ERBB2","Missense","#E41A1C",25398284,25398284
"11","chr17",7577121,"BRCA2","Synonymous","#4DAF4A",7577121,7577121
"12","chr19",39934521,"NOTCH3","Frameshift","#FF7F00",39934521,39934521
"13","chr20",62345000,"JAK2","Missense","#E41A1C",62345000,62345000
"14","chr22",50321000,"CHEK2","Nonsense","#377EB8",50321000,50321000
"15","chr8",128746000,"MYC","Amplification","#984EA3",128746000,128746000
"16","chr4",87654000,"KIT","Deletion","#FFFF33",87654000,87654000
"17","chr11",112345678,"ATM","Missense","#E41A1C",112345678,112345678
"18","chr6",65432000,"PDGFRA","Frameshift","#FF7F00",65432000,65432000
"19","chr2",45300000,"ALK","Missense","#E41A1C",45300000,45300000
"20","chr3",90230000,"NRAS","Nonsense","#377EB8",90230000,90230000
"21","chr5",128340000,"MAPK1","Frameshift","#FF7F00",128340000,128340000
"22","chr7",55600000,"CDK4","Missense","#E41A1C",55600000,55600000
"23","chr8",71200345,"NFKB1","Synonymous","#4DAF4A",71200345,71200345
"24","chr11",123450000,"SMAD4","Deletion","#FFFF33",123450000,123450000
"25","chr12",49003400,"ERBB3","Amplification","#984EA3",49003400,49003400
"26","chr16",34500231,"FGFR1","Missense","#E41A1C",34500231,34500231
"27","chr17",6.7e+07,"TP53BP1","Nonsense","#377EB8",6.7e+07,6.7e+07
"28","chr19",22003456,"HSP90AB1","Missense","#E41A1C",22003456,22003456
"29","chr1",3500000,"RBM10","Synonymous","#4DAF4A",3500000,3500000
"30","chr4",78200000,"PDGFB","Frameshift","#FF7F00",78200000,78200000
"31","chr6",42000500,"FGFR3","Missense","#E41A1C",42000500,42000500
"32","chr9",136780000,"CDK2","Amplification","#984EA3",136780000,136780000
"33","chr10",7.8e+07,"GATA3","Nonsense","#377EB8",7.8e+07,7.8e+07
"34","chr14",30002345,"HDAC1","Deletion","#FFFF33",30002345,30002345
"35","chr15",55003450,"IDH1","Missense","#E41A1C",55003450,55003450
"36","chr18",31002345,"STAT3","Frameshift","#FF7F00",31002345,31002345
"37","chr20",67345000,"WT1","Synonymous","#4DAF4A",67345000,67345000
"38","chr21",22003455,"RUNX1","Missense","#E41A1C",22003455,22003455
